ID,uncrossableA,compBA,compDA,compDC,compBC,Ch1_8690,Ch1_303397,Ch1_604268,Ch1_908217,Ch1_1202023,Ch1_1526902,Ch1_1811075,Ch1_2089848,Ch1_2404416,Ch1_2703759,Ch1_2937774,Ch1_3295586,Ch1_3493235,Ch2_7445,Ch2_302550,Ch2_602864,Ch2_903152,Ch2_1195414,Ch2_1499779,Ch2_1798535,Ch2_2098297,Ch2_2396420,Ch2_2698345,Ch2_2887001,Ch2_3464988,Ch3_19082,Ch3_300355,Ch3_600298,Ch3_904052,Ch3_1198870,Ch3_1501296,Ch3_1914152,Ch3_2205534,Ch3_2500484,Ch3_2810327,Ch3_3123854,Ch4_10683,Ch4_312266,Ch4_606027,Ch4_1204847,Ch4_1506631,Ch4_1812763,Ch4_2096601,Ch4_2597741,Ch4_2807558,Ch4_3096072,Ch5_6859,Ch5_295490,Ch5_599643,Ch5_896418,Ch5_1302887,Ch5_1602284,Ch5_1901152,Ch5_2204512,Ch5_2509802,Ch6_39390,Ch6_348474,Ch6_605306,Ch6_897852,Ch6_1198563,Ch6_1580800,Ch6_1915526,Ch6_2296015,Ch7_21820,Ch7_246089,Ch7_446020,Ch7_616611,Ch7_904918,Ch7_1206604,Ch7_1512173,Ch7_1910772,Ch7_2302966,Ch8_11356,Ch8_300492,Ch8_615405,Ch8_964868,Ch8_1300646,Ch8_1620649,Ch8_1918008,Ch9_300359,Ch9_600754,Ch9_900614,Ch9_1286820,Ch9_1524846,Ch10_10761,Ch10_313602,Ch10_602309,Ch10_985380,Ch10_1311172,Ch10_1749385,Ch11_36505,Ch11_205694,Ch11_443377,Ch11_719798,Ch11_875263,Ch11_1126163,Ch11_1404860,Ch11_1689560,Ch12_13356,Ch12_296044,Ch12_510868,Ch12_709506,Ch12_1032422,Ch12_1470830,Ch13_216736,Ch13_504792,Ch13_738533,Ch13_999100,Ch13_1307039
,,,,,,1,1,1,1,1,1,1,1,1,1,1,1,1,2,2,2,2,2,2,2,2,2,2,2,2,3,3,3,3,3,3,3,3,3,3,3,4,4,4,4,4,4,4,4,4,4,5,5,5,5,5,5,5,5,5,6,6,6,6,6,6,6,6,7,7,7,7,7,7,7,7,7,8,8,8,8,8,8,8,9,9,9,9,9,10,10,10,10,10,10,11,11,11,11,11,11,11,11,12,12,12,12,12,12,13,13,13,13,13
BD-2,0,1,0,0,0,u,u,b,a,a,a,a,a,a,a,a,a,a,u,u,u,u,u,a,a,a,a,u,u,u,u,a,a,a,a,a,a,a,a,u,u,u,a,a,a,a,a,a,a,a,u,u,u,u,b,b,b,b,b,u,u,a,a,a,a,a,a,a,a,a,a,a,a,u,u,u,b,b,b,b,u,u,u,a,u,u,u,a,a,u,b,b,b,b,u,a,a,a,a,a,a,a,u,u,u,a,a,a,u,u,b,b,b,u
BD-5,0,0,0,0,0,a,a,a,a,a,a,a,a,a,a,a,a,a,u,b,b,b,b,b,b,b,b,b,b,b,a,b,b,b,b,b,b,b,b,b,a,a,b,b,b,b,b,b,b,b,b,a,a,a,a,a,a,a,a,a,a,a,a,a,a,a,a,b,a,a,a,a,a,a,a,a,b,a,a,a,b,b,b,a,a,a,a,a,a,a,b,b,b,b,a,a,a,a,a,a,a,b,b,b,b,a,a,a,a,a,a,b,b,b
BD-8,0,0,0,0,0,a,a,a,a,a,a,a,a,a,a,a,a,a,a,a,a,a,a,a,a,a,a,a,a,a,b,a,a,a,a,a,a,a,b,b,b,b,b,b,b,b,b,b,b,b,b,a,a,b,b,b,b,b,b,a,a,a,a,a,a,a,a,b,a,a,a,a,a,a,a,b,b,a,b,b,b,b,b,b,b,b,b,b,b,a,a,a,a,a,b,a,a,a,a,a,a,b,b,a,a,a,a,a,a,a,a,a,a,a
BD-9,0,1,0,0,1,b,b,b,b,b,b,b,b,b,b,b,a,a,b,b,b,a,a,a,a,a,a,a,a,a,a,a,b,b,b,b,b,b,b,a,a,b,a,a,a,a,a,a,a,a,b,a,a,a,b,b,b,b,b,b,a,a,a,a,a,a,a,a,b,b,b,b,a,a,a,a,a,a,a,a,a,a,a,b,a,a,b,b,b,a,a,a,a,a,b,b,b,b,b,b,b,b,b,b,b,b,b,b,a,b,a,a,a,a
BD-12,0,0,0,0,0,b,a,a,a,a,a,a,a,a,a,a,u,b,b,a,a,a,a,a,a,a,a,a,a,b,b,a,a,a,a,a,a,a,a,a,b,a,a,a,b,b,b,b,b,u,a,a,a,a,b,b,b,b,b,b,b,b,b,b,b,b,b,b,a,a,a,a,a,a,a,a,a,a,a,a,b,b,b,b,b,b,b,b,a,a,b,b,b,b,b,b,b,b,b,b,b,b,b,a,a,a,a,a,b,b,b,b,b,b
BD-14,0,0,0,0,u,a,a,a,a,a,a,a,a,a,a,b,b,b,a,b,b,b,b,b,b,b,b,b,b,a,a,b,b,b,b,b,b,b,b,a,a,a,a,a,a,a,a,a,a,a,b,a,a,b,b,b,b,b,b,a,a,b,b,b,b,b,b,b,a,a,a,a,a,b,b,b,b,b,b,b,b,a,a,a,b,b,b,b,b,a,a,a,a,a,a,b,b,b,b,b,b,b,b,a,a,b,b,b,b,b,b,b,b,a
BD-18,0,0,0,0,0,b,u,a,a,a,a,a,a,a,a,a,a,a,u,a,a,a,a,a,a,a,a,a,a,a,a,b,b,b,b,b,b,b,b,b,b,a,a,a,a,a,a,a,a,u,b,a,a,b,b,b,b,b,b,a,b,b,b,b,b,u,a,a,a,b,b,b,b,b,b,b,a,b,b,b,b,b,b,a,a,a,a,a,b,b,b,b,b,b,a,b,b,b,b,b,b,b,b,b,b,b,b,b,b,a,a,a,a,b
BD-22,0,0,0,0,0,b,a,a,a,a,a,a,a,a,a,a,a,a,a,b,b,b,b,b,b,b,b,b,b,b,a,a,a,a,a,a,a,a,a,a,a,a,a,a,a,a,a,a,a,a,a,b,a,a,a,a,a,a,a,a,b,b,b,b,b,b,b,b,b,b,b,b,b,b,b,b,a,b,b,b,b,b,b,b,a,a,a,a,a,b,b,b,b,b,a,b,b,b,b,b,b,b,a,b,b,b,a,a,b,a,b,b,b,b
BD-23,0,0,1,1,0,b,b,a,a,a,a,a,a,a,a,a,a,b,b,a,a,a,a,a,a,a,a,a,b,b,a,a,a,a,a,a,a,a,a,a,b,b,b,b,b,b,b,b,b,b,b,a,a,a,a,a,a,a,a,a,b,b,b,b,b,b,b,a,b,a,a,a,a,a,a,b,b,a,a,a,a,a,a,b,a,a,a,a,a,b,b,b,b,b,a,b,b,b,b,b,b,b,a,a,b,b,b,b,b,a,a,b,b,b
BD-25,1,u,u,0,0,a,b,b,b,b,b,b,b,b,b,b,a,a,b,b,a,a,a,a,a,a,a,b,b,b,a,b,b,b,b,b,b,b,b,b,b,b,a,a,a,a,a,a,a,a,a,a,a,a,a,a,a,a,a,a,a,b,b,b,b,b,b,b,b,b,b,b,b,b,a,b,b,b,b,b,b,a,a,a,a,a,a,a,a,a,b,b,b,b,a,b,b,b,b,b,b,b,b,a,a,a,a,a,b,a,a,a,b,b
BD-26,0,0,0,0,0,b,a,a,a,a,a,a,a,a,a,a,a,a,b,b,b,b,b,b,b,b,b,b,b,u,a,a,a,a,a,a,a,a,a,a,b,a,a,a,a,a,a,a,a,a,u,a,u,b,b,b,b,b,b,b,b,b,b,b,b,b,b,b,b,b,b,b,b,u,u,u,b,a,a,b,b,b,b,b,u,b,b,b,u,b,u,u,u,u,b,u,b,b,b,b,b,u,a,a,a,a,a,a,b,b,b,b,b,b
BD-27,0,0,1,0,0,a,a,a,a,a,a,a,a,a,a,a,a,a,a,a,a,a,a,a,a,a,a,a,a,a,a,a,a,a,a,a,a,a,b,b,b,a,b,b,b,b,b,b,b,b,a,a,a,b,b,b,b,b,b,b,b,b,b,b,b,b,b,b,b,b,b,b,b,b,b,b,a,a,b,b,b,a,a,a,a,a,a,a,a,a,a,a,a,a,a,b,b,b,b,b,b,b,a,a,b,b,b,b,a,b,b,b,b,a
BD-28,0,0,0,0,0,u,a,u,u,u,u,u,u,b,b,b,u,u,u,u,a,a,a,a,a,a,a,u,b,b,a,b,b,b,b,b,b,b,b,u,u,u,u,u,u,u,u,u,u,a,a,a,a,u,u,u,u,u,a,a,u,b,b,b,b,b,b,u,u,u,u,u,u,u,a,u,u,u,u,b,b,u,u,u,a,a,a,a,a,u,b,b,b,b,a,u,u,u,u,u,u,u,u,a,a,a,a,a,b,u,u,u,b,b
BD-29,1,u,u,0,1,a,a,a,a,a,a,a,a,a,a,a,a,a,b,b,a,a,a,a,a,a,a,a,b,b,b,a,a,a,a,a,a,a,a,a,a,a,a,a,a,a,a,a,a,a,a,a,u,b,b,b,b,b,b,a,a,b,b,b,b,b,b,b,b,a,a,a,a,a,a,a,a,b,b,b,a,a,b,b,a,a,a,a,a,a,b,b,b,b,a,a,a,a,a,a,a,a,a,b,b,b,a,a,a,b,b,b,b,a
BD-32,0,0,1,0,0,a,a,a,a,a,a,a,a,a,a,a,a,a,a,b,b,b,b,b,b,b,b,b,b,b,b,b,b,b,b,b,b,b,a,a,a,b,a,a,a,a,a,a,a,b,b,a,a,a,a,a,a,a,a,b,a,a,a,a,a,a,b,b,a,a,a,a,a,a,a,b,b,a,a,a,a,b,b,b,a,a,a,a,a,b,b,b,b,b,b,a,a,a,b,b,b,a,a,b,a,a,a,a,b,a,a,a,a,b
BD-33,1,u,u,0,0,b,b,b,b,b,b,b,b,b,a,a,a,a,b,b,b,b,b,b,b,b,b,b,b,b,b,b,b,b,b,b,b,b,b,b,a,a,a,a,a,a,a,a,a,a,b,a,b,b,b,b,b,b,b,a,b,b,b,b,b,b,b,a,a,a,a,a,a,a,a,a,a,a,b,b,b,b,b,b,a,a,a,a,a,a,b,b,b,b,a,b,b,b,a,a,a,a,a,b,a,a,a,a,b,a,a,a,b,b
BD-34,0,0,1,0,0,b,b,a,a,a,a,a,a,a,a,a,a,a,u,b,b,b,b,b,b,b,b,b,b,b,a,b,b,b,b,b,b,b,b,b,b,b,b,b,b,b,b,b,b,b,b,a,a,a,a,a,a,a,a,b,b,b,b,b,b,b,b,a,b,a,a,a,a,a,b,b,u,a,a,a,a,a,a,a,a,a,a,a,a,b,b,b,b,a,a,b,b,b,a,a,a,a,a,a,b,b,b,b,b,b,b,b,b,b
BD-38,1,u,u,0,0,b,b,a,a,a,a,a,a,a,a,a,a,a,a,a,a,a,a,a,a,a,a,a,a,a,a,b,b,b,b,b,b,b,b,b,b,b,b,b,b,b,u,a,a,a,b,a,a,a,a,a,a,a,a,b,b,b,b,b,b,b,b,b,b,b,b,a,a,a,a,a,a,b,b,b,b,b,b,b,a,b,b,b,b,a,a,a,a,a,a,b,b,b,b,b,b,a,a,a,a,a,a,a,b,a,a,a,a,a
BD-39,1,u,u,0,0,b,b,b,b,b,b,b,b,b,b,b,u,a,u,b,b,b,b,b,b,b,b,b,b,a,b,b,b,b,b,b,b,b,b,b,b,b,a,a,a,a,a,a,a,a,b,a,a,a,a,a,a,b,b,b,b,b,b,b,b,b,b,b,a,a,a,a,a,a,a,a,u,a,a,a,a,a,a,a,b,b,b,b,b,a,a,b,b,b,a,b,b,a,a,a,a,a,a,b,a,a,a,a,a,b,b,b,b,b
BD-40,0,0,0,0,0,b,b,a,a,a,a,a,a,a,a,a,a,b,b,b,a,a,a,a,a,a,a,a,b,b,b,b,b,b,b,b,b,b,b,b,a,b,b,b,b,b,b,b,u,u,a,a,u,b,b,b,b,b,b,b,b,b,b,b,b,b,a,a,b,b,b,b,b,b,b,a,a,a,a,a,a,a,b,b,u,b,b,b,b,b,b,b,b,b,b,u,a,a,a,a,a,a,a,a,a,a,a,a,b,a,a,a,a,a
BD-42,0,0,0,0,1,a,b,b,b,b,b,b,b,b,b,b,u,a,a,a,a,a,a,a,a,a,a,a,a,b,b,b,b,b,b,b,b,b,b,b,b,b,a,a,a,a,a,a,a,u,u,a,a,b,b,b,b,b,b,u,a,a,a,a,a,a,a,a,b,a,a,a,a,a,a,a,a,a,a,a,b,b,b,b,b,a,a,a,a,a,a,a,a,a,b,b,b,a,a,a,a,a,a,u,a,a,a,a,u,b,b,b,b,a
BD-44,1,u,u,0,0,b,b,b,b,b,b,b,b,b,b,a,a,a,a,a,a,a,a,a,a,a,a,a,b,b,a,b,b,b,b,b,b,b,b,b,b,b,a,a,a,a,a,a,a,a,a,a,a,a,a,a,a,a,a,a,b,b,b,b,b,b,b,a,a,a,a,a,a,a,a,a,a,b,b,b,a,a,a,a,a,a,a,a,a,a,a,a,a,a,b,b,b,b,b,b,b,b,a,a,a,a,a,a,a,a,a,a,a,a
BD-45,0,0,0,0,0,b,b,b,b,b,b,b,b,b,b,b,u,a,b,a,a,a,a,a,a,a,a,a,a,a,a,a,a,a,a,a,a,a,a,a,a,b,b,b,b,b,b,b,b,b,b,a,a,a,a,a,a,a,b,b,b,a,a,a,a,a,a,b,b,b,b,b,a,a,a,b,u,b,b,b,b,a,a,a,b,b,b,b,b,a,a,a,a,a,a,u,a,a,a,a,a,a,a,a,a,a,a,a,b,b,a,a,a,a
BD-47,0,0,1,0,0,b,b,a,a,a,a,a,a,a,a,a,u,b,u,a,a,a,a,a,a,a,a,a,a,a,b,b,b,b,b,b,b,b,b,b,b,a,a,a,a,a,a,a,a,a,b,a,b,b,b,b,b,b,b,b,b,b,b,b,b,b,b,b,a,b,b,b,b,b,b,b,b,a,b,b,b,b,b,b,a,b,b,b,b,b,a,a,a,a,b,b,b,b,b,b,b,b,b,a,b,b,b,b,a,a,a,a,a,a
BD-48,0,0,0,0,0,u,b,b,b,b,b,b,b,b,b,b,b,b,b,u,a,a,a,a,a,a,a,a,a,u,a,u,u,u,u,u,a,a,a,u,b,u,u,u,u,u,u,u,a,a,b,a,a,a,u,u,u,u,u,u,u,a,a,a,a,a,a,b,u,u,a,a,a,a,a,a,u,b,b,b,b,b,b,b,b,b,u,u,a,u,u,u,u,u,u,b,a,a,u,u,u,u,u,u,a,a,a,a,u,u,u,u,u,b
BD-49,0,1,0,0,1,a,b,b,b,b,b,b,b,b,b,b,b,b,b,a,a,a,a,a,a,a,a,a,a,b,a,b,b,b,b,b,a,a,a,a,u,b,a,a,a,a,a,a,a,a,b,a,a,a,b,b,b,b,b,b,a,a,a,a,a,a,a,b,a,a,a,a,a,a,a,a,a,b,b,b,b,b,b,b,u,b,b,b,a,b,b,b,b,b,u,b,a,a,a,a,a,a,a,b,a,a,a,a,b,b,b,b,b,b
BD-50,0,0,1,0,0,b,a,a,a,a,a,a,a,a,a,a,a,a,a,a,a,a,a,a,a,a,a,a,a,a,a,b,b,b,b,b,b,b,b,a,a,a,b,b,b,b,b,b,b,b,b,a,a,b,b,b,b,b,b,u,b,a,a,a,a,a,b,b,a,b,b,b,b,b,b,b,b,a,b,b,b,b,a,a,a,a,a,a,a,a,b,b,b,b,b,a,a,a,b,b,b,b,b,b,b,a,a,a,a,b,b,b,b,b
BD-52,0,0,0,0,0,a,a,a,b,b,b,b,b,b,b,b,b,b,a,a,a,a,a,a,a,a,a,a,a,a,a,a,a,a,a,a,a,a,a,a,b,a,b,b,b,b,b,b,b,b,a,a,a,a,a,a,a,a,a,a,a,a,a,a,a,a,a,a,a,b,b,b,b,b,b,b,b,b,b,b,b,b,a,a,a,a,a,a,a,a,a,a,a,a,a,a,a,a,a,a,a,a,a,a,a,a,a,a,b,a,a,a,a,a
BD-54,0,0,1,1,0,a,a,a,a,a,a,a,a,a,a,a,u,b,b,b,a,a,a,a,a,a,a,a,b,b,b,b,b,b,b,b,b,b,b,u,a,b,a,a,a,a,a,a,a,a,a,a,a,b,b,b,b,b,b,a,b,a,a,a,a,a,a,b,b,a,a,a,a,a,a,a,b,b,b,b,b,b,b,b,b,b,b,b,a,u,a,a,a,a,a,b,b,b,b,b,b,u,a,a,a,a,b,b,a,b,b,b,b,b
BD-56,0,0,0,0,0,a,a,a,a,a,a,a,a,a,a,a,a,a,b,a,a,a,a,a,a,a,a,a,a,a,b,b,b,b,b,b,b,b,b,b,b,b,a,a,a,a,a,a,a,a,b,a,a,a,a,a,a,a,a,a,a,a,a,a,a,a,a,b,b,b,b,b,b,b,b,b,b,a,a,a,b,b,b,b,a,a,a,a,a,a,b,b,b,b,b,b,b,b,b,b,b,b,a,b,a,a,a,a,b,b,b,b,b,a
BD-58,0,1,1,0,0,b,u,a,a,a,a,a,a,a,a,a,a,a,a,a,a,a,a,a,a,a,a,a,a,a,a,a,a,a,a,a,a,a,a,a,b,a,b,b,b,b,b,b,u,u,u,a,a,u,b,b,b,b,b,a,a,a,a,a,a,a,a,a,b,u,a,a,a,a,a,a,a,a,a,a,b,b,b,b,u,a,a,a,u,b,b,b,b,b,a,b,b,b,b,a,u,u,u,a,a,a,a,a,b,b,b,u,u,a
BD-59,0,0,0,0,0,a,a,a,a,a,a,a,a,a,a,a,a,b,b,b,b,b,b,b,b,b,b,b,b,b,b,a,a,a,a,a,a,a,a,a,b,b,b,b,b,b,b,b,u,u,a,a,a,a,a,a,a,a,a,b,u,b,b,b,b,b,b,b,b,b,b,b,b,b,b,a,a,b,b,b,b,b,b,b,a,a,a,a,b,b,b,b,b,b,b,u,a,a,a,a,a,a,a,a,a,a,a,a,b,b,b,b,b,b
BD-60,0,1,0,0,1,a,a,a,a,a,a,a,a,a,a,a,a,a,a,a,b,b,b,b,b,b,b,b,b,b,b,a,a,a,a,a,a,a,a,a,a,b,a,a,a,a,a,a,a,a,b,a,a,a,a,a,a,a,a,a,a,a,a,a,a,a,a,a,b,b,b,b,b,a,a,a,b,a,a,a,a,a,a,a,a,a,a,a,a,b,b,b,b,b,a,b,b,b,b,b,b,b,a,b,b,b,b,b,b,a,a,a,a,b
BD-64,0,0,0,1,0,b,a,a,a,a,a,a,a,a,a,a,a,a,a,a,a,a,a,a,a,a,a,a,b,b,b,a,a,a,a,a,a,a,a,a,a,a,a,a,a,a,a,a,a,a,a,a,a,a,a,a,a,a,b,b,a,a,a,a,a,a,a,a,b,b,b,b,b,b,b,b,b,a,b,b,b,b,b,b,a,a,a,a,a,b,a,a,a,a,a,a,a,a,b,b,b,b,b,b,b,b,b,b,a,a,a,a,a,b
BD-66,0,0,0,0,0,u,a,a,a,a,a,a,a,a,a,a,a,a,u,a,a,a,a,a,a,a,a,a,u,u,u,a,a,a,a,a,a,a,a,u,u,u,a,a,a,a,a,a,a,a,u,u,a,a,a,a,u,u,u,u,u,b,b,b,b,b,u,u,u,u,b,b,b,b,u,u,u,u,b,b,b,b,b,u,u,u,u,u,u,u,u,a,a,a,u,a,a,u,u,u,u,u,u,b,b,b,b,u,u,u,u,u,u,u
BD-71,0,1,0,0,1,a,a,a,a,a,a,a,a,a,a,a,a,a,a,a,a,a,a,a,a,a,a,a,a,a,b,b,a,a,a,a,a,b,b,b,b,a,a,a,a,a,a,a,a,a,a,b,b,b,b,b,b,b,b,b,b,b,b,b,b,b,b,a,b,a,a,a,a,a,a,a,a,b,b,b,b,b,a,a,b,b,b,b,b,b,b,b,b,b,b,b,b,b,b,b,b,b,b,a,a,a,b,b,a,a,a,a,a,a
BD-75,0,0,0,0,0,b,a,a,a,a,a,a,a,a,a,a,a,a,b,a,a,a,a,a,a,a,a,a,a,a,b,b,b,b,b,b,b,b,b,a,a,b,a,a,a,a,a,a,a,a,a,a,a,a,a,a,a,a,a,a,a,a,a,a,a,a,a,a,a,b,b,b,b,b,b,b,b,b,b,b,b,b,b,a,a,a,a,a,a,b,b,b,b,b,b,a,a,a,a,a,a,a,a,a,a,a,a,a,a,a,a,a,a,a
BD-76,0,1,0,0,1,a,a,a,a,a,a,a,a,a,a,a,a,a,a,a,b,b,b,b,b,b,b,b,b,b,a,b,b,b,b,b,b,b,b,a,a,b,a,a,a,a,a,a,a,a,a,a,a,a,a,a,a,a,a,a,a,a,a,a,a,a,a,a,a,a,a,a,a,a,a,a,b,a,a,a,a,a,a,a,a,b,b,b,b,b,b,b,b,b,a,a,b,b,b,b,b,b,a,b,a,a,a,a,a,b,b,b,b,b
BD-77,0,1,0,0,0,a,a,a,a,a,a,a,a,a,a,a,a,a,u,a,a,a,a,a,a,a,a,a,b,a,b,b,b,b,b,b,b,b,b,b,b,a,a,a,a,a,a,a,a,a,b,b,a,b,b,b,b,b,b,b,b,b,b,b,b,b,b,a,a,b,b,b,b,b,b,b,b,a,a,a,a,a,b,b,a,a,a,a,a,b,a,a,a,a,b,b,b,b,b,b,b,a,a,b,b,b,b,b,b,a,a,a,a,b
BD-78,0,0,0,0,0,a,a,a,a,a,a,a,a,a,a,a,a,b,u,a,b,b,b,b,b,b,b,b,b,a,b,b,b,b,b,b,b,b,b,b,b,b,b,a,b,b,b,b,b,b,u,a,a,a,a,a,a,a,a,b,b,b,b,b,b,b,b,b,a,a,a,a,a,a,a,a,a,b,b,b,b,b,b,b,a,a,a,a,a,a,a,a,a,a,u,b,b,b,b,b,b,a,a,a,a,a,a,a,a,b,b,b,b,u
BD-79,0,0,0,0,0,a,a,a,a,a,a,a,a,a,b,b,b,b,b,b,b,b,b,b,b,b,b,b,b,a,b,b,b,b,b,b,b,b,b,b,b,a,b,b,b,b,b,b,b,b,b,a,a,a,b,b,b,b,b,a,b,b,b,b,b,b,b,b,b,b,b,b,b,b,b,b,b,b,b,a,a,a,a,a,a,b,b,b,b,a,b,b,b,b,b,b,a,a,a,a,a,b,b,a,a,a,a,a,a,a,a,b,b,b
BD-80,0,0,0,0,0,b,a,a,a,a,a,a,a,a,a,a,a,b,b,b,b,b,b,b,b,b,b,b,b,b,a,a,a,a,a,a,a,a,a,a,a,b,b,b,b,b,b,b,b,b,b,a,b,b,b,b,b,b,b,a,a,a,a,a,a,a,a,a,a,b,b,b,b,b,b,b,b,a,a,a,a,a,a,a,a,a,a,b,b,b,a,a,a,a,a,u,a,a,a,a,a,b,b,a,a,a,b,b,a,b,b,b,b,b
BD-82,0,0,0,0,0,u,b,a,a,a,a,a,a,a,a,a,u,u,u,a,a,a,a,a,a,a,a,u,u,u,u,b,b,b,b,b,b,b,u,u,u,u,u,b,b,b,b,b,b,b,a,u,u,u,b,b,u,u,u,u,a,a,a,a,a,a,a,u,a,a,a,u,u,u,u,u,u,a,u,u,u,u,b,b,u,u,a,a,a,u,a,a,a,a,u,b,b,b,b,b,b,b,u,u,u,b,b,b,u,a,a,a,a,u
BD-85,0,0,1,0,0,a,a,a,a,a,a,a,a,a,a,a,a,a,a,a,a,a,a,a,a,a,a,a,a,b,b,a,a,a,a,a,a,a,a,a,a,a,b,b,b,b,b,b,b,b,b,a,a,a,a,a,a,a,a,a,a,b,b,b,b,b,b,a,b,b,b,b,b,b,b,b,b,a,a,a,a,a,a,b,b,b,a,a,a,a,b,b,b,b,a,b,b,a,a,a,a,b,b,b,a,a,a,a,b,b,b,a,a,b
BD-87,0,0,0,0,0,u,b,a,a,a,a,a,a,a,a,a,a,a,u,u,b,b,b,b,u,u,u,u,b,b,b,b,b,b,b,b,b,b,b,u,u,a,a,a,u,u,u,u,u,a,u,a,a,b,b,b,b,b,b,u,u,u,u,u,u,u,u,u,b,b,b,u,u,u,u,b,b,u,u,u,u,u,u,a,u,u,u,u,u,a,u,u,u,u,b,a,a,a,u,u,u,u,u,a,u,u,u,u,b,a,a,a,a,a
BD-88,0,0,0,0,0,a,a,a,a,a,a,a,a,a,a,a,a,a,u,u,b,b,b,b,u,u,u,u,b,b,b,b,b,b,b,b,b,b,b,u,u,a,a,u,u,u,u,u,a,a,u,a,a,b,b,b,b,b,u,u,u,u,u,u,u,u,u,u,u,b,b,u,u,u,u,b,b,u,u,u,u,u,u,a,u,u,u,u,u,a,u,u,u,u,b,a,a,a,u,u,u,u,u,a,u,u,u,u,b,a,a,a,a,a
BD-90,0,1,0,0,0,b,a,a,a,a,a,a,a,a,a,a,a,a,a,a,a,a,a,a,a,a,a,a,a,a,b,a,a,a,a,a,a,a,b,b,a,a,b,b,b,b,b,b,b,b,b,a,a,b,b,b,b,b,b,b,a,a,a,a,a,a,a,b,a,a,a,a,a,a,a,b,b,b,b,b,b,b,b,a,b,b,b,b,b,a,a,a,a,a,b,a,a,a,a,a,a,b,b,a,a,a,a,a,a,a,a,a,a,a
BD-94,0,0,0,0,0,a,a,a,a,a,a,a,a,a,a,a,a,a,b,b,b,b,b,b,b,b,b,b,b,b,b,b,a,a,a,a,a,a,a,a,a,a,a,b,b,b,b,b,a,a,a,b,b,b,b,b,b,b,u,a,a,a,a,a,b,b,b,b,a,a,a,a,a,a,a,b,b,b,b,b,b,b,b,b,b,b,b,b,b,u,b,b,b,b,b,a,a,b,b,b,b,b,a,a,a,b,b,b,b,a,a,a,a,a
BD-95,0,0,0,0,0,b,b,b,b,b,b,b,b,b,b,b,b,b,a,a,a,a,a,a,a,a,a,a,a,b,b,b,b,b,b,b,b,b,b,b,b,b,b,b,b,b,b,b,b,b,a,a,a,a,a,a,a,a,a,b,a,b,b,b,b,b,b,b,a,a,a,a,a,a,a,a,b,a,a,a,a,u,b,a,a,a,a,b,b,a,a,a,a,a,a,b,b,b,b,b,b,b,b,b,a,a,a,a,b,a,a,a,b,b
BD-96,0,0,0,0,0,a,a,b,b,b,b,b,b,b,b,b,b,b,b,b,b,b,b,b,b,b,b,b,b,a,a,b,b,b,b,b,b,b,b,b,b,a,a,a,a,a,a,a,a,a,b,b,b,b,b,b,b,b,b,b,b,b,b,b,b,b,b,b,a,a,a,a,a,a,a,a,b,a,b,b,b,b,b,b,a,a,a,a,a,b,b,b,b,b,b,a,b,b,b,b,b,b,a,b,b,b,a,a,a,b,b,b,b,a
BD-98,0,0,0,0,0,a,a,a,a,a,a,a,a,a,a,a,a,b,b,b,b,a,a,a,a,a,a,a,a,b,b,a,a,a,a,a,a,a,a,b,b,a,b,b,b,b,b,b,b,b,a,a,a,b,b,b,b,b,b,b,a,a,a,a,a,a,a,a,b,a,a,a,a,a,a,b,b,a,a,a,a,a,a,a,b,b,b,b,b,b,b,b,b,b,b,b,b,b,b,b,b,b,b,a,u,b,b,b,b,b,b,b,b,b
BD-100,0,0,0,0,1,b,a,a,a,a,a,a,a,a,a,a,a,a,a,a,a,a,a,a,a,a,a,a,a,b,a,b,b,b,b,b,b,b,b,b,b,b,b,u,a,a,a,a,a,a,b,a,a,a,b,b,b,b,b,b,a,a,a,a,a,a,b,b,a,b,b,b,b,a,a,a,b,a,a,a,b,b,b,a,a,a,a,a,a,a,b,b,b,b,a,a,a,a,a,a,a,a,a,b,b,b,b,b,b,b,b,a,a,b
BD-102,0,0,0,0,0,u,a,a,a,a,a,a,a,a,a,a,a,a,u,a,a,a,a,a,a,a,a,a,a,u,u,a,a,a,a,a,a,a,a,u,u,u,u,a,a,a,a,a,a,a,a,u,u,b,b,b,b,b,b,u,b,b,b,b,b,b,b,u,u,b,b,b,b,b,b,u,u,u,a,a,a,a,a,a,a,a,a,a,a,b,b,b,b,b,u,a,a,a,a,a,a,a,u,u,a,a,a,a,u,b,b,b,b,u
BD-108,0,0,0,0,0,u,a,a,a,a,a,a,a,a,a,a,a,u,a,a,a,a,a,a,a,a,a,a,u,u,u,b,b,b,b,b,b,b,b,b,u,u,u,a,a,a,a,a,a,a,u,u,u,b,b,b,b,b,u,a,b,b,b,b,b,b,b,u,u,a,a,a,a,a,a,a,u,u,b,b,b,b,b,u,a,a,a,a,u,b,b,b,b,b,u,u,u,a,a,a,a,a,u,u,a,a,a,a,u,b,b,b,b,u
BD-111,0,0,0,1,0,a,a,a,a,a,a,a,a,a,a,a,a,a,u,b,b,b,b,b,b,b,b,b,b,b,b,b,b,b,b,b,b,b,b,b,b,b,a,a,a,a,a,a,a,a,a,a,u,b,b,b,b,b,b,b,b,b,b,b,b,b,b,b,b,b,b,b,b,b,b,b,a,b,b,b,b,b,a,a,a,a,a,b,b,b,b,b,b,b,b,a,a,b,b,b,b,b,b,b,b,a,a,a,a,b,b,b,b,a
BD-112,0,0,0,0,0,a,a,a,a,a,a,a,a,a,a,a,a,a,b,a,a,a,a,a,a,a,a,a,a,b,a,a,a,a,a,a,a,a,a,a,a,a,a,a,a,a,a,a,a,a,a,a,a,a,a,a,a,a,a,a,a,a,a,a,a,a,a,a,b,b,b,b,b,b,b,b,b,b,a,a,a,a,a,a,b,b,a,a,a,a,b,b,b,b,b,a,a,a,a,b,b,b,b,b,a,a,a,a,a,a,a,b,b,a
BD-113,0,0,0,0,0,a,a,a,a,a,a,a,a,a,a,a,a,b,b,a,a,a,a,a,a,a,a,a,a,a,a,a,a,a,a,a,a,a,a,u,u,b,a,a,a,a,a,a,a,a,a,a,a,a,a,a,a,b,b,b,b,b,b,a,a,a,a,b,a,b,b,b,b,b,b,b,b,a,a,a,b,b,b,b,b,b,b,b,a,a,b,b,b,b,b,b,b,a,a,a,a,a,a,b,b,a,a,a,b,a,a,a,b,u
BD-114,0,1,0,0,1,b,b,b,b,b,b,b,b,b,b,a,a,a,a,b,b,b,b,b,b,b,b,b,b,b,a,b,b,b,b,b,b,b,b,b,b,b,a,a,a,a,a,a,a,a,a,a,a,a,a,a,a,a,a,b,b,b,b,b,b,b,b,a,a,a,a,a,a,a,a,a,b,a,a,a,a,a,a,a,b,b,b,b,b,a,a,a,a,a,a,a,a,a,a,a,a,a,b,a,u,b,b,b,b,a,a,a,a,a
BD-116,0,0,1,0,0,b,b,a,a,a,a,a,a,a,a,b,b,b,u,a,a,a,a,a,a,a,a,a,a,b,a,b,b,b,b,b,b,b,b,b,b,b,b,b,b,b,b,b,b,b,b,b,b,b,b,b,b,b,b,b,b,b,b,b,b,b,b,b,a,a,a,a,a,a,a,b,b,a,a,a,b,b,b,b,b,b,b,b,b,b,b,b,b,b,a,b,b,b,b,b,b,b,a,b,b,b,b,b,a,b,b,b,b,b
BD-118,0,0,0,0,0,b,b,b,b,b,b,b,b,b,b,b,u,a,u,b,a,a,a,a,a,a,a,a,b,b,a,a,a,a,a,a,a,a,b,b,a,a,a,a,a,a,a,a,a,a,a,a,a,a,a,a,a,a,a,a,b,b,a,a,a,a,a,a,b,a,a,a,a,a,a,b,b,b,b,b,b,a,a,a,b,b,b,b,b,a,a,a,a,a,a,b,b,b,b,b,b,b,a,a,a,a,a,a,a,a,a,a,a,a
BD-121,0,0,1,0,0,b,b,b,b,b,b,b,b,b,b,b,b,b,a,a,a,a,a,a,a,a,a,a,a,b,b,a,a,a,a,a,a,a,a,a,a,b,b,b,b,b,b,b,b,b,b,a,a,b,b,b,b,b,b,a,a,b,b,b,b,b,b,b,b,b,b,b,b,b,b,b,a,a,a,a,a,a,a,b,a,a,a,a,b,a,b,b,b,b,b,b,b,b,b,b,b,b,b,b,b,b,b,b,b,a,a,a,a,a
BD-123,0,0,0,0,0,a,b,a,a,a,a,a,a,a,a,a,a,a,u,a,a,a,a,a,a,a,a,b,b,b,a,a,b,b,b,b,b,b,a,a,a,a,a,a,a,a,a,a,a,a,a,a,a,a,b,b,b,b,b,a,a,a,a,a,a,a,a,a,b,a,a,a,a,a,a,a,a,b,a,a,a,a,a,a,b,b,b,b,b,a,b,b,b,b,a,b,b,a,a,a,a,a,b,a,a,a,a,a,b,a,b,b,a,a
BD-124,0,0,0,0,0,a,a,a,a,a,a,a,a,a,a,a,a,a,a,u,b,b,b,b,b,b,b,b,b,a,a,a,a,a,a,a,a,a,a,a,b,a,a,a,a,a,a,a,a,a,a,a,a,a,a,a,a,a,a,a,a,a,a,a,a,a,a,a,a,b,b,b,b,b,b,b,b,b,b,b,b,b,b,b,a,a,a,b,b,b,a,a,a,a,a,b,b,b,b,b,b,b,b,a,a,a,a,a,a,b,b,a,a,a
BD-125,0,0,0,0,0,u,a,u,u,u,u,u,u,u,u,a,a,u,b,a,a,a,a,a,a,a,a,a,a,u,b,b,b,b,b,b,b,b,b,a,a,u,u,u,u,u,u,u,a,a,u,u,u,b,b,b,b,b,b,b,u,b,u,u,u,u,u,u,u,u,u,u,u,u,u,u,u,u,b,b,b,b,b,b,u,u,u,u,u,a,a,a,a,u,u,b,b,b,b,b,b,a,a,u,a,a,a,a,a,b,u,u,u,u
BD-130,0,0,0,0,0,u,a,u,u,u,u,u,u,u,u,a,a,u,b,a,a,a,a,a,a,a,a,a,a,u,b,b,b,b,b,b,b,b,b,a,a,u,u,a,u,u,u,u,u,a,u,u,u,b,b,b,b,b,b,b,u,b,u,u,u,u,u,u,b,u,u,u,u,u,u,u,u,u,b,b,b,b,b,b,u,u,u,u,u,a,a,a,a,u,u,b,b,b,b,b,b,a,a,u,a,a,a,a,a,b,u,u,u,u
BD-131,0,1,0,0,1,b,b,a,a,a,a,a,a,a,a,a,a,a,u,a,a,a,a,a,a,a,a,a,a,b,b,b,b,b,b,b,b,b,b,b,b,a,a,a,a,a,a,a,a,a,b,a,a,a,a,a,a,a,a,a,b,b,a,a,a,a,a,a,b,a,a,a,a,a,a,a,b,b,b,b,a,a,a,b,a,a,b,b,b,b,b,b,b,b,a,b,b,b,b,b,b,b,b,b,b,a,a,a,a,a,a,a,a,a
BD-132,0,0,0,0,0,a,a,a,a,a,a,a,a,a,a,a,a,b,a,a,a,a,a,a,a,a,a,a,a,b,a,b,b,b,b,b,b,b,b,b,a,b,b,b,b,b,b,b,b,b,b,a,a,a,a,a,a,a,b,b,b,a,a,a,a,a,a,a,b,b,b,b,b,b,b,b,b,a,a,a,a,a,a,a,a,a,a,a,a,a,a,a,a,a,b,b,b,b,b,b,b,b,b,a,b,b,b,b,b,b,b,b,b,a
BD-133,0,0,0,0,0,b,b,b,b,b,b,b,b,b,b,b,u,a,u,b,b,b,b,b,b,b,b,b,b,b,b,a,b,b,b,b,b,b,b,b,a,a,b,b,b,b,b,b,b,b,b,a,a,a,a,a,a,a,a,a,b,a,a,a,a,a,a,a,a,a,a,a,a,a,a,a,a,b,b,b,b,b,b,b,b,b,b,b,b,a,b,b,b,b,b,a,a,a,b,b,b,b,a,a,a,a,a,a,b,a,a,a,a,b
BD-138,0,0,0,0,0,b,a,a,a,a,a,a,a,a,a,a,a,a,a,a,a,a,a,a,a,a,a,a,a,a,a,a,a,a,a,a,a,a,a,a,b,b,b,b,b,b,b,b,b,b,b,a,b,b,b,b,b,b,b,b,a,a,a,a,b,b,b,b,b,a,a,a,a,a,a,a,a,b,b,b,b,b,b,b,b,b,b,b,b,b,a,a,a,a,b,b,b,b,b,b,b,b,b,b,a,a,a,a,a,b,b,b,b,a
BD-139,0,0,0,0,0,a,a,a,a,a,a,a,a,a,a,b,b,b,a,a,b,b,b,b,b,b,b,b,b,b,b,b,b,b,b,b,b,b,b,b,b,b,b,b,b,b,b,b,b,b,b,a,a,a,a,a,a,a,a,a,a,b,b,b,b,b,b,b,b,a,a,a,a,a,a,a,a,b,b,b,b,b,a,a,b,b,b,b,b,b,b,b,b,b,a,a,a,a,a,a,a,a,a,b,a,a,a,a,a,a,a,a,a,a
BD-143,0,0,0,0,0,b,a,a,a,a,a,a,a,a,a,a,a,a,b,b,b,b,b,b,b,b,b,b,b,b,a,a,a,a,a,a,a,a,b,b,b,a,a,a,a,a,a,a,a,a,b,a,a,b,b,b,b,b,b,b,a,a,a,a,a,b,b,b,b,b,b,b,b,a,a,a,a,b,b,a,a,a,a,a,a,a,a,b,b,b,b,b,b,b,b,b,b,b,b,b,b,b,b,a,a,a,a,a,a,a,b,b,b,b
BD-145,0,0,0,0,0,a,b,b,b,b,b,b,b,b,b,b,a,a,b,a,a,a,a,a,a,a,a,a,a,a,a,b,b,b,b,b,b,b,b,b,b,a,a,a,a,a,a,a,a,a,b,a,a,b,b,b,b,b,b,a,a,a,a,a,a,a,a,a,a,a,a,a,b,b,b,b,b,b,b,b,b,b,b,b,a,a,b,b,b,b,b,b,b,b,b,a,a,a,a,a,a,a,a,b,a,a,a,a,a,a,b,b,b,a
BD-148,0,0,0,0,0,a,a,a,a,a,a,a,a,a,a,a,a,b,a,a,b,b,b,b,b,b,b,b,b,a,b,b,b,b,b,b,b,b,b,b,b,b,b,b,b,b,b,b,b,b,a,a,a,a,a,a,a,a,a,b,b,b,b,b,b,b,b,b,a,a,a,a,a,a,a,a,a,b,b,b,b,b,b,b,a,a,a,a,a,a,a,a,a,a,b,b,b,b,b,b,b,a,a,a,a,a,a,a,a,b,b,b,b,a
BD-149,0,0,0,0,0,b,b,a,a,a,a,a,a,a,a,a,a,a,a,a,b,b,b,b,b,b,b,b,b,a,a,a,a,a,a,a,b,b,b,b,b,b,a,u,b,b,b,b,b,b,b,a,a,b,b,b,b,b,b,b,a,b,b,a,a,a,b,b,a,a,a,a,a,a,a,a,a,a,a,a,b,b,b,b,b,b,b,b,b,b,b,b,b,b,b,b,b,b,b,b,b,b,b,a,a,a,b,b,b,a,a,a,b,b
BD-152,0,0,0,0,0,b,a,a,a,a,a,a,a,a,a,a,a,b,b,a,a,a,a,a,a,a,a,a,a,a,a,a,a,a,a,a,a,a,a,a,b,a,a,a,a,a,a,a,a,a,a,a,a,a,a,a,a,a,a,a,b,b,b,b,b,b,b,b,b,b,b,b,b,b,b,b,b,a,b,b,b,b,a,a,a,a,a,a,a,b,b,b,b,a,a,b,a,a,a,a,a,a,b,a,b,b,b,b,a,a,a,a,a,a
BD-153,0,0,0,0,0,b,a,a,a,a,a,a,a,a,a,a,a,a,b,b,b,a,b,b,b,b,b,b,b,b,a,b,b,b,b,b,b,b,b,a,b,a,a,a,a,a,a,a,a,a,a,a,u,b,b,b,b,b,b,a,b,a,a,a,a,a,b,a,b,b,a,a,b,b,b,b,b,a,a,a,b,b,a,a,a,b,b,b,b,b,b,b,b,b,a,b,a,a,a,a,a,a,a,a,b,b,b,b,b,b,b,b,b,b
BD-154,0,0,0,0,0,b,a,a,a,a,a,a,a,a,a,a,a,b,b,a,a,a,a,a,a,a,a,b,b,b,a,a,b,b,b,b,b,b,b,b,b,a,b,b,b,b,b,b,b,b,b,a,a,a,a,a,a,a,a,a,a,a,a,a,a,a,a,a,b,b,b,b,b,b,b,b,b,a,a,a,a,a,a,a,a,a,a,a,a,a,a,a,a,a,b,a,a,a,a,a,a,a,b,b,b,b,a,a,b,b,b,a,a,a
BD-157,0,1,0,0,1,u,a,a,a,a,a,a,a,a,a,a,a,u,b,u,a,a,a,a,a,a,a,a,a,a,b,b,b,b,b,b,b,b,u,a,a,b,a,a,a,a,a,a,a,a,u,a,a,a,a,a,a,a,a,u,u,u,u,u,u,u,u,u,a,u,u,u,u,u,u,a,a,a,a,a,a,a,u,b,u,u,u,u,u,u,b,b,b,b,u,u,u,u,u,u,u,u,u,a,a,a,a,a,a,a,a,a,a,a
BD-159,0,0,0,0,0,a,a,b,b,b,b,b,b,b,a,a,a,a,a,b,b,b,b,b,b,b,b,b,b,b,a,a,a,a,a,a,a,a,a,a,b,b,b,b,b,b,b,b,b,b,u,a,b,b,b,b,b,b,b,b,a,a,a,a,a,a,a,b,a,b,b,b,b,b,b,b,b,a,a,a,b,b,b,b,a,a,a,a,a,a,a,b,b,b,u,a,b,b,b,b,b,b,a,a,b,b,b,b,a,b,b,b,b,b
BD-161,0,0,0,0,0,u,a,a,a,a,a,a,a,a,a,a,a,u,b,u,a,a,a,a,a,a,a,a,a,a,b,b,b,b,b,b,b,b,u,u,u,u,a,a,a,a,a,a,a,a,u,a,a,a,a,a,a,a,a,u,u,u,u,u,u,u,u,u,a,u,u,u,u,u,u,a,u,a,a,a,u,u,u,b,u,u,u,u,u,u,b,b,b,b,u,u,u,u,u,u,u,u,u,a,a,a,a,a,a,a,a,a,a,a
BD-162,0,0,0,0,0,b,u,a,a,a,a,a,a,a,a,a,a,a,a,a,b,b,b,b,b,b,b,b,b,a,b,a,a,a,a,a,a,a,a,a,a,a,a,a,a,a,a,a,a,b,b,a,b,b,b,b,b,b,b,b,a,a,a,a,a,a,b,b,b,a,a,a,a,a,a,a,a,a,a,a,a,b,b,b,a,a,a,a,a,a,b,b,b,b,b,b,b,b,b,b,b,b,b,b,b,b,b,b,a,b,b,b,b,a
BD-61,0,0,0,0,1,a,a,a,a,a,a,a,a,a,a,a,a,a,a,a,b,b,b,b,b,b,b,b,b,b,b,a,a,a,a,a,a,a,a,a,a,b,a,a,a,a,a,a,a,a,b,a,a,a,a,a,a,a,a,a,a,a,a,a,a,a,a,a,b,b,b,b,b,a,a,a,b,a,a,a,a,a,a,a,a,a,a,a,a,b,b,b,b,b,a,b,b,b,b,b,b,b,a,b,b,b,b,b,b,a,a,a,a,b
BD-70,1,u,u,1,0,a,a,a,a,a,a,a,a,a,a,a,a,a,a,a,a,a,a,a,a,a,a,a,b,a,b,b,b,b,b,b,b,b,b,b,b,a,a,a,a,a,a,a,a,a,b,b,a,b,b,b,b,b,b,b,b,b,b,b,b,b,b,a,a,b,b,b,b,b,b,b,b,a,a,a,a,a,b,b,a,a,a,a,a,b,a,a,a,a,b,b,b,b,b,b,b,a,a,b,b,b,b,b,b,a,a,a,a,b
BD-164,0,0,0,0,1,a,a,a,a,a,a,a,a,a,a,a,a,a,a,a,a,a,a,a,a,a,a,a,a,a,b,b,b,b,b,b,b,b,b,b,a,b,a,a,a,a,a,a,a,a,b,a,a,a,a,a,a,a,a,a,b,b,b,b,b,b,b,a,a,a,a,a,a,a,a,a,a,b,b,a,a,a,a,a,a,a,a,a,a,b,b,b,b,b,a,a,a,a,a,a,a,a,a,a,a,a,a,a,a,b,a,a,a,b
BD-166,0,1,0,0,1,a,a,b,b,b,b,b,b,b,b,b,b,b,b,b,b,b,b,b,b,b,b,b,b,a,a,a,a,a,a,a,a,a,a,a,a,a,a,a,a,a,a,a,a,a,b,a,a,a,a,a,a,a,a,b,b,a,a,a,a,a,a,a,a,a,a,a,a,a,a,a,b,b,b,b,b,b,a,a,b,a,a,a,b,a,a,a,a,b,a,a,a,a,a,a,a,b,b,a,b,b,b,b,b,b,b,a,a,a
BD-167,0,0,0,0,1,u,u,u,u,u,u,u,u,u,u,u,a,a,a,a,a,a,a,a,a,a,a,a,u,u,b,b,u,u,u,u,u,u,u,u,u,a,u,u,u,u,u,u,u,u,b,u,b,b,b,b,b,b,a,a,b,b,b,b,b,b,u,u,b,b,u,a,a,a,a,a,a,a,u,u,u,u,u,u,u,u,b,b,u,u,u,u,u,u,u,b,b,b,b,b,b,b,b,a,a,a,a,a,a,b,u,u,u,u
BD-168,0,1,0,0,1,a,a,a,a,a,a,a,a,a,a,a,a,a,a,a,a,a,a,a,a,a,a,a,a,a,b,a,a,a,a,a,a,a,a,b,b,b,a,a,a,a,a,a,a,a,b,a,b,b,b,b,b,b,b,a,a,a,a,a,a,a,a,a,b,b,b,b,b,b,b,b,a,a,a,a,a,a,a,a,a,a,b,b,b,b,b,b,b,b,a,a,a,a,b,b,b,b,a,a,a,a,a,a,b,b,b,b,b,a
BD-169,0,0,0,0,1,b,b,a,a,a,a,a,a,a,a,a,a,a,a,a,a,a,a,a,a,a,a,a,a,a,a,a,a,a,a,a,a,a,a,b,b,a,a,a,a,a,a,a,a,a,a,a,a,a,a,a,a,a,a,a,b,b,b,b,b,b,b,b,b,a,a,a,a,a,a,a,b,b,b,b,b,a,a,a,a,b,b,b,a,b,b,b,b,b,b,b,b,b,a,a,a,a,b,b,a,a,a,a,a,b,b,b,b,b
BD-174,1,u,u,1,0,a,b,b,b,b,b,b,b,b,b,b,b,b,b,b,b,b,b,b,b,b,b,b,a,b,a,a,a,a,a,a,a,a,a,a,b,b,a,a,a,a,a,a,a,a,b,a,a,a,a,a,a,a,a,b,a,a,b,b,b,b,b,b,a,a,b,b,b,b,b,b,b,b,b,b,b,b,b,b,a,a,a,b,b,b,a,a,a,a,b,b,b,b,a,a,a,a,a,a,a,a,a,a,b,b,a,a,a,a
BD-175,0,0,1,0,0,b,b,a,a,a,a,a,a,a,a,a,a,a,a,b,b,b,b,b,b,b,b,b,b,b,b,a,a,a,a,a,a,a,a,b,b,b,b,b,b,b,b,b,b,b,b,a,a,a,a,a,b,b,b,b,a,a,a,a,a,b,b,b,a,a,a,a,a,b,b,b,b,b,b,b,a,a,a,b,b,a,a,a,b,a,a,a,a,a,a,b,b,b,b,b,b,b,a,a,a,a,a,a,a,b,b,b,a,a
BD-182,0,1,0,0,0,a,a,a,a,a,a,a,a,a,a,a,a,a,b,a,a,a,a,a,a,a,a,a,a,b,a,a,a,a,a,a,a,a,a,b,b,a,a,a,a,a,a,a,a,a,a,a,a,b,b,b,b,b,b,b,b,b,b,b,b,b,b,b,b,b,b,b,b,b,b,b,b,b,b,b,b,b,b,b,b,b,b,b,b,a,b,b,b,b,a,b,b,b,b,b,b,b,a,a,a,a,a,a,a,a,b,b,b,b
BD-183,0,1,0,0,1,b,a,a,a,a,a,a,a,a,a,a,a,a,b,a,a,a,a,a,a,a,a,a,a,b,a,a,a,a,a,a,a,a,b,b,b,b,a,a,a,a,a,a,a,a,a,a,a,a,a,a,a,a,a,b,b,b,a,a,a,a,a,b,a,b,b,b,b,b,b,a,a,a,b,b,b,b,b,b,b,a,a,a,b,b,b,b,b,b,a,b,b,b,b,b,b,b,a,b,a,a,a,a,b,b,b,b,b,b
BD-184,0,1,0,0,1,a,a,a,a,a,a,a,a,a,a,a,a,a,b,a,a,a,a,a,a,a,a,a,a,a,a,b,b,b,b,b,b,b,a,a,a,b,a,a,a,a,a,a,a,a,a,a,b,b,b,b,b,b,b,a,a,a,a,a,a,a,a,a,b,a,a,a,a,a,a,a,b,a,b,b,b,b,b,b,b,a,a,a,a,b,b,b,b,b,a,b,a,a,a,a,a,a,a,a,a,a,a,a,b,b,b,b,b,b
BD-193,0,0,0,1,0,u,b,b,b,b,b,b,b,b,b,b,b,b,u,a,a,a,a,a,a,a,a,a,a,u,u,b,b,b,b,b,b,b,b,u,u,u,a,a,a,a,a,a,a,a,u,u,u,b,b,b,b,b,b,b,u,u,b,b,b,b,b,u,b,b,b,b,b,b,b,u,u,b,b,b,u,u,a,a,u,u,u,b,b,b,b,b,b,b,u,u,u,u,a,a,a,a,u,b,b,b,b,b,u,b,b,b,u,u
BD-196,0,1,0,0,1,u,a,a,a,a,a,a,a,a,a,a,a,a,u,a,a,a,a,a,a,a,a,a,a,u,u,u,u,b,b,b,b,b,u,u,u,u,a,a,a,a,a,a,a,a,u,u,u,u,b,b,b,b,b,u,b,b,b,b,b,b,b,u,u,a,a,u,u,a,a,a,u,u,b,u,b,b,b,u,a,a,a,a,u,u,a,a,a,a,u,u,u,u,u,b,u,b,u,u,b,b,b,b,b,b,b,b,u,a
BD-199,1,u,u,0,1,b,a,a,a,a,a,a,a,a,a,a,a,b,a,a,a,a,a,a,a,a,a,a,a,a,b,b,b,b,b,b,b,b,a,a,a,b,b,b,a,a,a,a,a,a,b,a,a,a,a,a,a,a,a,b,a,a,a,a,a,a,a,a,b,a,a,a,a,a,a,a,b,a,b,b,b,b,b,b,a,a,a,a,b,b,b,a,a,a,b,b,b,b,a,a,a,a,a,a,b,b,b,b,b,a,a,a,a,a
BD-208,1,u,u,1,0,a,a,a,a,a,a,a,a,a,a,a,b,b,b,b,b,b,b,b,b,b,b,b,b,b,a,b,b,b,b,b,b,b,b,b,b,a,a,a,a,a,a,a,a,a,a,a,a,a,a,a,a,b,b,b,b,b,b,b,b,b,b,a,b,a,a,a,a,a,a,a,a,b,b,b,a,a,a,a,b,b,b,b,b,a,b,b,b,b,a,a,a,a,b,b,b,b,a,a,b,b,b,b,b,a,a,a,a,b
BD-213,1,u,u,0,1,a,a,a,a,a,a,a,a,a,a,a,a,b,a,b,b,b,b,b,b,b,b,b,b,a,a,b,b,b,b,b,b,b,b,b,b,b,a,a,a,a,a,a,a,a,a,a,a,a,a,a,a,a,b,b,a,a,a,a,a,a,a,a,b,a,a,a,a,a,a,a,a,b,b,b,b,b,b,b,b,b,b,b,b,b,b,a,a,a,a,a,b,b,b,b,b,b,b,b,b,a,a,a,b,a,a,a,a,b
BD-216,0,0,1,0,0,a,a,a,a,a,a,a,a,a,a,a,a,b,b,b,b,b,b,b,b,b,b,b,b,b,b,b,b,b,b,b,b,b,b,a,a,a,a,a,a,a,a,a,a,a,b,a,a,b,b,b,b,b,b,a,a,b,b,b,b,b,b,b,b,a,a,a,a,a,a,b,b,b,b,b,b,b,b,b,a,b,b,b,b,b,a,a,a,a,b,b,b,b,b,b,b,b,b,a,b,b,b,b,a,b,b,b,b,b
BD-221,0,0,0,0,1,a,a,a,a,a,a,a,a,a,a,a,a,a,a,a,a,a,a,a,a,a,a,a,a,b,a,b,b,b,b,b,b,b,b,b,b,a,b,b,b,b,b,b,b,b,b,a,a,a,a,a,a,a,a,a,a,a,a,a,a,a,a,a,a,b,b,b,b,b,a,a,a,a,b,b,b,a,a,a,b,b,b,b,b,a,a,a,a,a,b,a,a,a,a,a,a,a,b,b,b,b,b,b,b,a,a,a,a,a
BD-226i,0,0,0,0,0,a,a,a,a,a,a,a,a,a,a,a,a,a,b,b,b,b,b,b,b,b,b,b,b,a,a,b,b,b,b,b,b,b,b,b,b,b,b,b,b,b,b,b,b,b,b,a,a,a,a,a,a,a,a,a,b,b,b,b,b,b,b,a,b,a,a,a,a,a,a,a,a,a,a,a,b,b,b,b,b,a,b,b,b,b,a,a,a,a,b,b,b,b,b,b,b,b,b,b,b,b,b,a,a,b,b,b,a,a
BD-227,0,0,1,0,0,b,b,a,a,a,a,a,a,a,a,a,a,a,a,a,a,b,b,b,b,b,b,b,b,a,b,a,a,a,a,a,a,a,a,a,a,a,b,b,b,b,b,b,b,b,b,b,b,b,b,b,b,b,b,b,b,b,b,b,b,b,b,b,a,b,b,b,b,b,b,b,b,b,b,b,b,b,a,a,b,b,b,b,b,a,a,a,a,a,b,b,b,b,b,b,b,b,b,a,a,a,a,a,a,a,b,b,b,b
BD-234i,0,0,0,0,0,a,a,a,a,a,a,a,a,a,a,a,a,a,b,a,a,a,a,a,a,a,a,a,b,b,a,b,b,b,b,b,b,b,b,b,a,b,b,b,b,b,b,b,b,b,b,a,b,b,b,b,b,b,b,b,b,b,b,b,b,b,b,b,b,b,b,a,a,a,a,a,a,b,b,b,b,b,b,b,a,b,b,b,b,a,a,a,a,a,b,b,b,b,b,b,b,b,b,a,a,a,a,a,b,b,b,b,b,a
BD-247i,0,0,0,0,0,a,a,a,a,a,a,a,a,a,a,a,a,a,b,a,a,a,a,a,a,a,a,a,a,b,a,a,a,a,a,a,a,a,a,a,b,b,a,a,a,a,a,a,a,a,b,a,a,a,a,a,a,a,a,a,a,b,b,b,b,b,b,a,a,a,a,b,b,b,b,b,b,a,b,b,b,b,b,b,a,a,a,a,b,b,b,b,b,b,a,a,a,a,a,a,a,a,a,b,a,a,a,a,b,a,a,a,a,b
BD-248i,0,0,0,0,0,b,b,b,b,b,b,b,b,b,b,a,a,b,a,a,a,a,a,a,a,a,a,a,a,a,b,a,a,a,a,a,a,a,b,b,a,a,b,b,b,b,b,b,b,b,b,b,a,a,a,a,a,a,a,a,b,b,b,b,b,b,b,a,a,a,a,a,a,a,a,a,b,b,a,a,a,a,a,a,a,a,a,b,b,b,a,a,a,a,a,b,b,b,a,a,a,b,b,b,b,b,b,b,b,a,a,a,b,b
BD-252i,0,0,0,0,0,a,a,a,a,a,a,a,a,a,a,a,a,a,a,b,b,b,b,b,b,b,b,b,b,b,b,b,a,a,a,a,a,a,b,b,b,a,b,b,b,b,b,b,a,a,a,b,b,b,a,a,a,a,a,a,a,b,b,b,b,b,b,b,a,a,a,a,a,a,a,b,b,a,b,b,b,b,b,b,a,b,b,b,b,a,b,b,b,b,b,a,a,a,a,a,a,b,b,a,a,a,a,a,b,b,b,b,b,b
BD-267,0,0,0,0,1,a,a,a,a,a,a,a,a,a,a,a,a,a,a,a,a,a,a,a,a,a,a,a,a,b,a,a,a,a,a,a,a,a,a,b,b,a,a,a,a,a,a,a,a,a,a,a,a,b,b,b,b,b,b,b,b,b,b,b,b,b,b,b,b,a,a,a,a,a,a,a,a,a,a,a,a,a,a,a,b,b,b,b,b,a,b,b,b,b,b,b,b,b,b,b,b,b,a,a,a,a,a,a,a,a,a,a,a,b
BD-270i,0,0,0,0,0,b,a,a,a,a,a,a,a,a,a,a,b,b,a,a,a,a,a,a,a,a,b,b,b,b,a,b,b,b,b,b,b,b,b,b,b,b,b,b,b,b,b,b,b,a,a,a,a,a,a,a,a,a,a,a,b,b,b,b,b,b,b,a,a,a,a,a,a,a,a,a,b,a,a,a,b,b,a,a,a,a,a,a,a,b,a,a,a,a,b,b,b,b,b,b,b,b,b,a,b,b,b,a,b,b,b,b,b,a
BD-274i,0,0,0,0,0,a,a,b,b,b,b,b,b,b,b,b,b,b,b,b,b,b,b,b,b,b,b,b,b,b,a,a,a,a,a,a,a,a,a,a,a,a,b,b,b,b,b,b,b,b,b,a,a,b,b,b,b,b,b,b,b,b,b,b,b,b,a,a,b,a,a,a,b,b,b,b,a,b,b,b,b,b,a,b,a,a,b,b,b,b,b,a,a,a,a,a,a,a,b,b,b,b,a,a,b,b,b,b,a,a,a,a,a,b
BD-275,1,u,u,1,0,a,a,a,a,a,a,a,a,a,a,a,a,a,b,b,b,b,b,b,b,b,b,b,b,a,b,b,b,b,b,b,b,b,a,a,a,a,a,a,a,a,a,a,a,a,a,a,a,a,a,a,a,a,a,b,b,b,b,b,b,b,b,a,a,a,a,a,b,b,b,b,b,a,a,a,a,a,a,a,a,a,a,a,b,b,a,a,a,a,b,a,a,a,a,a,a,a,a,a,a,b,b,b,a,b,b,b,b,b
BD-276i,0,0,0,0,0,b,a,a,a,a,a,a,a,a,a,a,a,a,b,b,b,b,b,b,b,b,b,b,b,b,a,a,a,a,a,a,b,b,a,a,a,b,a,a,a,a,a,a,a,a,b,b,a,a,a,a,a,a,a,a,b,b,b,b,b,b,b,b,b,b,b,b,b,b,b,a,a,a,b,b,b,b,b,a,a,a,a,a,b,b,a,a,a,a,b,b,b,b,b,a,a,a,a,a,a,a,a,a,a,a,a,a,a,a
BD-278i,0,0,0,0,0,a,a,a,a,a,a,a,a,a,a,a,a,a,b,b,b,a,a,a,a,a,a,a,a,a,a,b,b,a,a,a,a,a,a,a,a,a,a,a,a,a,a,a,a,a,a,a,a,a,a,a,a,a,a,a,a,a,a,b,b,b,b,a,b,a,a,a,a,a,a,a,a,a,a,a,a,a,a,b,a,a,a,a,a,b,b,b,b,b,b,b,b,b,b,b,b,b,b,a,a,a,a,a,a,a,a,a,a,a
BD-279,1,u,u,1,0,u,a,a,a,a,a,a,a,a,a,a,a,a,b,u,a,a,a,a,a,a,a,a,a,u,b,b,b,b,b,b,b,b,u,u,u,u,a,a,a,a,a,a,a,a,u,u,b,b,b,b,b,b,b,u,b,b,b,b,b,b,b,b,b,a,a,a,a,a,a,u,u,u,b,b,b,b,b,u,a,a,a,a,u,u,a,a,a,a,u,u,u,u,b,b,b,b,u,u,b,b,b,b,u,b,b,b,b,u
BD-282,1,u,u,1,0,b,b,b,b,b,b,b,b,b,a,a,a,b,a,a,a,a,a,a,a,a,a,a,a,a,a,a,a,a,a,a,a,a,a,a,b,b,a,a,a,a,a,a,a,a,b,a,b,b,b,b,b,b,b,a,a,a,a,a,a,a,a,a,b,a,a,a,a,a,a,a,b,b,b,b,b,b,a,a,b,a,a,a,a,b,b,b,b,b,a,b,b,b,b,b,b,b,b,a,b,b,b,a,a,a,a,a,a,a
BD-283i,0,0,0,0,0,b,a,a,a,a,a,a,a,a,a,a,a,a,a,a,a,a,a,a,a,a,a,a,a,a,a,a,a,a,a,a,a,a,b,b,b,b,a,a,a,a,a,a,a,a,a,a,a,a,a,a,a,a,a,a,a,a,a,a,a,a,a,b,a,a,a,a,a,a,a,a,b,b,b,b,a,a,a,a,a,a,a,a,a,a,b,b,b,b,b,b,b,b,b,b,b,b,b,b,a,a,a,a,a,b,b,a,a,a
BD-286,0,1,0,0,1,a,a,a,a,a,a,a,a,a,a,a,a,a,a,a,a,b,b,b,b,b,b,a,a,b,a,a,a,a,a,a,a,a,a,a,a,b,a,a,a,a,a,a,a,a,b,a,b,b,b,b,b,b,b,b,b,a,a,a,a,a,a,a,a,a,a,a,a,a,a,a,b,b,b,b,b,b,b,a,b,a,a,a,a,b,a,a,a,a,a,b,b,b,b,b,b,a,a,b,b,a,a,a,b,b,b,b,b,b
BD-287,0,1,0,0,1,a,a,a,a,a,a,a,a,a,a,a,a,a,a,a,b,b,b,b,b,b,b,b,b,a,a,a,a,a,a,a,a,a,a,a,a,a,a,a,a,a,a,a,a,a,b,a,a,a,a,a,a,a,a,b,b,a,a,a,a,a,a,a,a,b,b,b,b,b,b,a,a,a,a,a,a,a,a,a,b,b,b,b,b,a,a,a,a,a,a,a,a,a,a,a,a,a,b,a,b,b,b,b,a,a,a,a,a,b
BD-290,0,0,0,1,0,b,a,a,a,a,a,a,a,a,a,a,a,b,b,a,a,a,a,a,a,a,a,a,a,b,a,b,b,b,b,b,b,b,a,a,b,a,b,b,b,b,b,b,b,b,b,a,a,b,b,b,b,b,b,a,b,b,b,b,b,b,b,b,b,b,b,b,b,b,b,b,b,a,a,b,b,b,b,b,a,a,a,a,a,a,b,b,b,b,b,b,b,b,b,b,b,a,a,a,a,a,a,a,a,a,a,a,a,b
BD-295,0,0,1,0,0,b,a,a,a,a,a,a,a,a,a,a,a,a,a,a,a,a,a,a,a,a,a,a,a,b,b,a,a,a,a,a,a,a,a,a,b,b,b,b,b,b,b,b,b,b,a,a,b,b,b,b,b,b,b,a,b,b,b,b,b,b,b,b,b,a,a,a,a,a,a,a,a,b,b,b,b,b,b,a,b,a,a,a,a,b,a,a,a,a,b,a,a,a,a,a,a,a,a,b,b,a,a,a,a,b,a,a,a,a
BD-299i,0,0,0,0,0,a,a,a,a,a,a,a,a,a,a,a,a,a,b,a,a,a,a,a,a,a,a,a,a,b,a,a,a,a,a,a,a,a,a,b,b,a,a,a,a,a,a,a,a,a,b,a,b,b,b,b,b,b,b,b,b,b,b,a,a,a,a,b,a,a,a,a,a,a,a,b,b,a,b,b,b,b,b,b,a,a,a,b,b,a,a,a,a,a,b,b,b,b,b,b,b,b,a,a,a,a,a,a,a,a,a,a,a,b
BD-302i,0,0,0,0,0,b,b,a,a,a,a,a,a,a,a,a,a,a,b,a,a,a,a,a,a,a,a,a,a,a,b,a,a,a,a,a,a,a,a,a,a,b,b,b,b,b,b,b,b,b,b,a,a,a,b,b,b,b,b,a,a,b,b,b,b,b,b,b,a,a,a,a,a,a,a,a,a,b,b,b,b,b,b,b,a,a,a,a,a,b,a,a,a,a,a,b,b,b,b,b,b,a,a,a,a,a,a,a,b,b,b,b,b,b
BD-309,0,1,0,0,1,u,a,a,a,a,a,a,a,a,a,a,u,u,b,u,u,a,a,a,a,a,a,a,a,a,u,a,a,a,a,a,a,a,a,a,u,u,a,a,a,a,a,a,a,a,u,u,u,b,b,b,b,b,b,u,u,u,u,a,a,a,u,u,u,a,a,a,a,a,a,u,u,u,b,b,b,b,b,u,u,u,u,b,b,u,a,a,a,a,u,u,u,u,a,a,a,a,u,u,u,a,a,a,u,u,u,a,a,a
BD-312,0,1,0,0,1,a,a,a,a,a,a,a,a,a,a,a,a,a,a,a,a,a,a,a,a,a,a,a,a,b,a,a,a,a,a,a,a,a,a,a,a,b,a,a,a,a,a,a,a,a,a,a,a,a,a,a,a,a,b,b,a,a,a,a,a,a,a,a,b,b,b,b,a,a,a,a,a,a,b,b,b,b,a,a,a,a,a,a,a,a,a,a,a,a,a,a,a,a,a,a,a,a,a,a,a,a,a,a,a,b,b,b,b,b
BD-315i,0,0,0,0,0,b,b,b,b,b,b,b,b,b,b,b,b,b,b,a,a,a,a,a,a,a,a,a,a,b,a,a,a,a,a,a,a,a,a,a,b,b,a,a,a,a,a,a,a,a,b,a,b,b,b,b,b,b,b,b,a,b,b,b,b,b,b,b,b,b,b,b,b,b,b,b,b,a,a,a,a,a,b,b,b,b,b,b,b,a,a,a,a,a,b,b,b,b,b,b,b,b,b,b,b,a,a,a,b,b,b,b,a,a
BD-316i,0,0,0,0,0,b,b,b,b,b,b,b,b,b,b,b,a,a,b,a,a,a,a,a,a,a,a,a,a,a,a,a,a,a,a,a,a,a,b,b,b,b,a,a,a,a,a,a,a,a,b,a,a,a,a,a,a,a,a,a,b,b,b,b,b,b,b,a,a,b,b,b,b,b,b,b,b,a,a,a,a,a,a,a,b,b,b,b,b,a,b,b,b,b,b,b,b,b,b,b,b,b,a,a,a,a,a,a,b,b,b,b,b,a
BD-318,0,0,1,0,0,a,b,b,b,b,b,b,b,b,b,b,b,b,a,a,b,b,b,b,b,b,b,b,b,b,b,a,a,a,a,a,a,a,a,a,a,a,b,b,b,b,b,b,b,b,a,b,a,a,a,a,a,a,a,a,b,b,b,b,b,b,b,b,a,b,b,b,b,b,b,b,b,b,b,b,b,b,b,a,b,b,b,b,b,b,b,b,b,b,b,a,a,a,a,a,a,a,a,a,a,a,b,b,b,a,a,a,a,a
BD-320i,0,0,0,0,0,b,b,b,b,b,b,b,b,b,b,b,a,a,b,b,b,b,b,b,b,b,b,b,b,b,b,a,a,a,a,a,a,a,a,a,b,a,a,a,b,b,b,b,b,b,b,a,a,a,a,a,a,a,a,b,a,a,a,a,a,a,b,a,b,b,b,b,b,b,b,b,a,a,a,a,a,a,a,a,a,a,a,a,a,a,a,a,a,a,b,a,b,b,b,b,b,b,b,a,a,a,b,b,b,a,a,a,a,a
BD-321a,0,0,1,0,0,b,a,a,a,a,a,a,a,a,a,a,a,a,a,a,a,a,a,a,a,a,a,b,b,b,b,a,a,a,a,a,a,a,a,a,b,b,a,a,a,a,a,a,a,b,b,a,a,b,b,b,b,b,b,b,b,b,b,b,b,b,b,b,b,b,b,b,b,b,b,b,b,b,b,b,b,b,b,b,b,b,b,b,b,b,b,b,b,b,a,a,a,a,a,a,a,a,a,b,b,a,a,a,a,b,b,b,a,a
BD-321b,0,0,1,0,0,a,a,a,a,a,a,a,a,a,a,a,a,a,a,b,b,b,b,b,b,b,b,b,b,b,b,b,b,b,b,b,b,b,b,b,b,a,a,a,a,a,a,a,a,a,a,a,a,b,b,b,b,b,b,b,a,a,a,a,a,a,a,a,a,b,b,b,b,b,b,a,a,a,a,b,b,b,b,b,a,a,a,a,a,a,b,b,b,b,b,a,a,a,a,a,a,b,b,a,a,a,a,a,a,a,a,a,a,b
BD-325,0,1,0,0,1,a,a,a,a,a,a,a,a,a,b,b,b,b,a,a,a,a,a,a,a,a,a,a,b,b,b,b,a,a,a,a,a,a,a,a,a,b,b,a,a,a,a,a,a,a,b,a,a,a,a,a,a,a,a,a,a,b,b,b,b,b,a,a,a,a,a,a,a,a,a,a,b,b,b,b,b,b,a,a,a,b,b,b,b,a,a,a,a,a,a,b,b,b,b,b,b,b,a,b,b,a,a,a,a,b,b,b,b,a
BD-328i,0,0,0,0,0,b,b,b,a,a,a,a,a,a,a,b,b,b,b,a,a,a,a,a,a,a,a,a,a,a,a,b,b,b,b,b,b,b,a,a,b,a,b,b,b,b,b,b,b,b,a,b,a,b,b,b,b,b,b,a,a,a,a,a,a,a,a,a,b,b,b,b,b,b,b,b,a,b,b,b,b,b,a,b,a,a,a,a,a,a,b,b,b,b,a,a,a,a,b,b,b,b,b,b,a,a,a,a,b,b,a,a,a,b
BD-333i,0,0,0,0,0,a,a,a,a,a,a,a,a,a,a,a,a,a,b,a,a,a,a,a,a,a,a,a,a,b,a,b,b,b,b,b,b,b,b,a,a,b,b,b,b,b,b,b,b,b,b,a,a,a,b,b,b,b,a,a,a,a,a,a,a,a,a,a,b,b,b,b,b,b,b,b,b,a,a,a,a,a,a,a,a,a,a,a,a,a,b,b,b,b,b,b,b,b,b,b,b,b,a,a,a,a,a,a,a,b,b,b,b,b
BD-335i,0,0,0,0,0,a,a,a,a,a,a,a,a,a,a,a,b,b,a,b,b,b,b,b,b,b,b,b,b,a,b,b,b,b,b,b,b,b,b,b,b,a,a,a,a,a,a,a,a,a,a,a,a,a,a,a,a,a,b,b,b,b,b,b,b,b,a,a,a,a,a,a,a,a,a,a,a,b,b,b,b,b,b,b,a,a,a,a,a,b,b,b,b,a,a,b,b,b,b,b,b,b,b,b,b,b,b,b,b,b,b,b,a,a
BD-342i,0,0,0,0,0,b,a,a,a,a,a,a,a,a,a,a,a,a,b,b,b,b,b,b,b,b,b,b,b,a,a,b,b,b,b,b,b,a,b,b,a,b,a,a,b,b,b,b,b,b,a,a,a,a,a,a,a,a,b,b,a,a,a,a,a,a,a,a,a,b,b,b,b,b,b,a,a,a,a,a,a,a,a,b,b,a,a,a,a,b,b,b,b,b,a,b,a,a,a,a,a,a,a,a,a,a,a,a,b,a,a,a,a,b
BD-346i,0,0,0,0,0,a,a,a,a,a,a,a,a,a,a,a,a,a,a,a,a,a,a,a,a,a,a,a,a,a,a,a,b,b,b,b,b,b,b,b,b,b,b,a,a,a,a,a,a,a,a,a,a,b,b,b,b,b,b,a,b,b,b,b,b,b,b,a,b,a,a,a,a,a,a,a,b,a,a,a,a,a,a,a,a,a,a,a,a,b,a,a,a,a,b,a,b,b,b,b,b,b,b,a,a,a,a,a,b,b,b,b,b,b
BD-348i,0,0,0,0,0,b,a,a,a,a,a,a,a,a,a,a,a,a,u,b,b,b,b,b,b,b,b,b,a,a,a,a,a,a,a,a,a,a,a,a,a,a,a,a,a,a,a,a,a,a,b,a,a,a,a,a,a,a,a,a,a,b,b,b,b,b,b,b,a,b,b,b,b,b,b,a,a,a,a,a,a,a,a,a,b,b,a,a,a,b,b,b,b,b,b,u,b,b,b,a,a,b,b,b,b,b,b,b,b,b,b,b,b,b
BD-354,0,0,1,0,0,a,a,a,a,a,a,a,a,a,a,a,a,a,a,b,b,b,b,b,b,b,b,b,b,b,b,a,a,a,a,a,a,a,a,a,b,a,b,b,b,b,b,b,b,b,b,a,a,b,b,b,b,b,b,a,a,b,b,b,b,b,b,b,a,b,b,b,b,b,b,b,b,a,b,b,b,a,a,a,b,a,a,a,a,b,b,b,b,b,b,b,b,b,b,a,a,a,b,a,a,a,a,a,b,b,b,b,b,a
BD-360,0,1,0,0,0,b,a,a,a,a,a,a,a,a,a,a,a,b,a,a,a,a,a,a,a,a,a,a,a,b,b,a,a,a,a,a,a,a,a,a,a,b,b,b,a,a,a,a,a,a,b,b,a,a,a,a,a,a,a,a,b,b,b,b,b,b,a,a,b,a,a,a,a,a,a,a,a,b,b,b,b,b,b,b,a,a,a,a,a,a,b,b,b,b,a,b,b,b,b,b,b,b,b,b,b,a,a,a,a,a,a,a,a,b
BD-362,0,1,0,0,1,b,b,a,a,a,a,a,a,a,a,a,a,a,b,b,b,b,b,b,b,b,b,b,b,b,a,b,a,a,a,a,a,a,a,a,b,a,a,a,a,a,a,a,a,a,a,a,b,b,b,b,b,b,b,b,a,a,a,a,a,a,a,a,a,a,a,a,a,a,a,a,a,a,a,a,a,a,a,a,b,b,a,a,a,b,a,a,a,a,a,b,b,b,b,b,a,a,a,a,a,a,a,a,a,b,b,b,b,b
BD-364,0,0,0,0,1,a,a,a,a,a,a,a,a,a,a,a,a,a,a,a,a,a,a,a,a,a,a,a,a,a,a,a,a,a,a,a,a,a,b,b,b,b,a,a,a,a,a,a,a,a,b,a,a,a,a,a,a,a,a,a,b,b,b,b,b,b,b,b,a,a,a,a,b,b,b,b,b,b,b,b,b,b,b,b,b,b,b,b,b,a,a,a,a,a,b,b,b,b,b,b,b,b,a,b,b,a,a,a,b,b,b,b,b,a
BD-376,0,1,0,0,0,b,b,a,a,a,a,a,a,a,a,a,b,b,a,a,b,b,b,b,b,b,b,b,b,b,a,a,a,a,a,a,a,a,a,a,b,a,a,a,a,a,a,a,a,a,a,a,a,a,a,a,a,a,a,b,b,b,b,b,b,b,a,a,a,a,a,a,a,a,a,a,a,a,a,a,a,a,a,a,a,a,a,a,b,b,b,b,b,b,a,a,a,a,a,a,a,a,b,a,a,a,a,a,a,b,b,b,b,a
BD-381,0,0,1,0,0,b,a,a,a,a,a,a,a,a,a,a,a,a,b,b,b,b,b,b,a,a,a,a,a,a,b,b,b,b,b,b,b,b,b,b,a,a,b,a,a,a,a,a,a,b,b,a,a,a,a,a,a,a,a,a,b,b,b,b,b,b,b,a,b,b,b,b,b,b,b,b,b,a,a,a,a,a,a,b,a,a,a,a,a,b,b,a,a,a,a,a,a,a,a,b,b,a,a,a,a,a,b,b,b,a,a,a,a,b
BD-386,0,0,1,0,0,b,b,b,b,b,b,b,b,b,a,a,a,a,b,a,a,a,a,a,a,a,a,a,a,b,b,a,a,a,a,a,a,a,a,a,b,a,a,a,a,a,a,a,a,a,b,b,b,b,b,b,b,b,b,a,b,b,b,b,b,b,b,b,b,b,b,b,b,b,b,b,b,b,b,b,b,b,a,a,b,a,a,a,b,b,b,b,b,b,a,a,a,a,a,a,a,b,b,a,a,a,a,a,b,b,b,b,b,a
BD-390,1,u,u,0,1,b,b,b,b,b,b,b,b,b,b,b,b,b,a,b,b,b,b,b,b,b,b,b,b,b,a,a,a,b,b,b,b,b,b,b,b,a,a,a,a,a,a,a,a,a,b,a,a,b,b,b,b,b,b,b,b,b,b,a,a,a,a,b,a,a,a,a,a,a,a,a,a,b,b,b,b,b,b,b,a,a,a,b,b,a,a,a,a,a,a,b,b,b,b,b,b,b,b,b,a,a,a,a,a,a,a,a,a,a
BD-397,0,0,1,0,0,a,a,a,a,a,a,a,a,a,a,a,a,b,b,a,a,a,a,a,a,a,a,a,b,b,a,a,a,a,a,a,a,a,a,a,b,b,b,b,b,b,b,b,b,b,a,b,b,a,a,a,a,a,a,a,b,b,b,b,b,b,b,b,b,b,b,b,b,b,b,b,b,a,a,b,b,b,b,b,a,a,a,b,b,b,b,b,b,b,a,b,a,a,a,a,a,a,a,b,b,a,a,a,b,a,a,a,a,a
BD-398i,0,0,0,0,0,a,a,a,a,a,a,a,a,a,a,a,a,a,b,b,b,b,b,b,b,b,b,b,b,b,a,b,b,b,b,b,b,b,b,b,b,a,a,a,a,a,a,a,a,a,b,a,a,b,b,b,b,b,b,a,a,a,a,a,a,a,a,a,b,a,a,a,a,a,a,a,b,b,b,b,b,b,b,b,a,a,a,a,a,b,b,b,b,b,b,b,b,b,b,b,b,b,a,a,b,b,b,b,b,a,a,a,a,a
BD-399,0,1,0,0,1,b,a,a,a,a,a,a,a,a,a,a,a,a,a,b,b,b,b,b,b,b,b,b,b,b,a,b,b,b,b,b,b,b,b,b,a,b,a,a,a,a,a,a,a,a,a,a,a,a,a,a,a,a,a,a,b,b,a,a,a,a,a,a,a,a,a,a,a,a,a,a,b,a,b,b,b,b,b,b,b,b,b,b,b,a,a,a,a,a,a,b,b,b,b,b,b,b,b,a,a,a,a,a,a,a,a,a,a,b
BD-400i,0,0,0,0,0,b,a,a,a,a,a,a,a,a,a,a,a,a,b,b,b,b,b,b,b,b,b,b,b,b,b,b,b,b,b,b,b,b,b,b,b,a,a,b,b,b,b,b,b,b,a,a,b,b,b,b,b,b,b,a,a,b,b,b,b,a,a,a,a,a,a,a,a,a,a,a,b,a,b,b,b,b,b,b,b,a,a,b,b,b,b,b,b,b,b,b,b,b,b,b,b,b,a,a,b,b,b,b,a,a,a,a,a,a
BD-401i,0,0,0,0,0,b,a,a,a,a,a,a,a,a,a,a,a,a,b,a,a,a,a,a,a,a,a,a,a,a,a,b,b,b,b,b,b,b,b,b,b,b,a,a,a,a,a,a,a,a,a,a,a,a,a,a,a,a,a,a,b,b,b,b,b,b,b,b,b,a,a,a,a,a,a,b,b,b,b,a,a,a,a,a,a,a,a,a,a,a,a,b,b,b,a,a,a,a,a,a,a,a,b,b,a,a,a,a,a,b,b,b,b,b
BD-406i,0,0,0,0,0,b,a,a,a,a,a,a,a,a,a,a,a,a,u,b,b,b,b,b,b,b,b,b,b,b,b,a,a,a,a,a,a,a,a,a,b,a,a,a,a,a,a,a,a,a,b,a,b,b,b,b,b,b,b,b,b,b,b,b,b,b,b,a,b,a,a,a,a,a,a,a,b,b,b,b,b,b,b,a,a,a,a,a,a,a,a,a,a,b,b,b,b,b,b,b,b,b,a,b,b,b,b,b,b,a,a,a,a,b
BD-408,0,0,0,1,1,a,a,a,a,a,a,a,a,a,a,u,u,b,u,b,b,b,b,b,b,b,b,b,b,a,u,u,u,u,u,a,a,a,a,a,a,u,u,u,a,a,a,a,a,a,a,u,u,u,u,u,u,u,u,b,u,u,u,u,u,u,b,b,u,u,u,u,u,u,u,b,b,b,b,b,b,b,u,a,u,u,u,u,u,a,u,b,b,b,u,u,u,u,u,u,u,u,u,a,a,a,a,a,u,u,u,u,u,u
BD-416i,0,0,0,0,0,a,a,a,a,a,a,a,a,a,a,a,a,a,b,a,a,a,a,a,a,a,a,a,a,a,b,a,a,a,a,a,a,a,b,b,b,b,b,b,b,b,b,b,b,b,a,a,a,a,a,a,a,a,a,b,a,b,b,b,b,b,b,b,a,a,a,a,a,a,a,a,a,a,a,a,a,a,a,a,b,b,b,b,b,a,b,b,b,b,b,b,b,a,a,a,a,a,a,b,b,b,b,b,b,a,a,a,a,a
BD-422,0,0,1,0,0,b,a,a,a,a,a,a,a,a,a,a,a,a,a,b,b,b,b,b,b,b,b,b,b,a,a,a,a,a,a,a,a,a,a,a,b,b,a,a,a,a,a,a,b,b,b,a,a,a,a,a,a,a,a,a,b,b,b,b,b,b,b,b,b,b,b,b,b,b,b,b,b,b,b,b,b,a,a,a,b,b,b,b,b,a,a,a,a,b,b,b,b,b,b,b,b,b,a,a,b,b,b,b,a,a,a,a,a,a
BD-423,0,0,1,0,0,a,a,a,a,a,a,a,a,a,a,a,a,a,b,a,a,a,a,a,a,a,a,a,a,a,b,b,b,b,b,b,b,b,b,b,b,b,a,a,a,a,a,a,a,a,b,b,a,a,a,a,a,a,b,b,a,b,b,b,b,b,b,b,a,b,b,b,b,b,b,b,a,a,a,a,a,b,b,b,b,b,b,b,b,b,b,b,b,b,b,b,b,b,b,b,b,b,a,a,a,a,a,a,a,b,b,b,b,b
BD-424i,0,0,0,0,0,b,b,a,a,a,a,a,a,a,a,a,a,a,a,b,b,b,b,b,b,b,b,b,b,a,a,b,b,b,b,b,b,b,b,b,b,b,a,a,a,a,a,a,a,a,b,a,b,b,b,b,b,b,b,b,b,b,b,b,b,b,b,b,a,a,a,a,a,a,a,a,b,b,b,b,b,a,a,a,b,b,b,b,a,a,b,b,b,b,a,a,a,a,b,b,b,b,b,a,a,a,a,a,b,b,b,b,b,b
BD-425i,0,0,0,0,0,b,a,a,a,a,a,a,a,a,a,a,a,a,b,b,b,b,b,b,b,b,b,b,b,a,a,b,b,b,b,b,b,b,b,b,b,b,a,a,a,a,a,a,a,a,a,a,a,a,a,a,a,a,a,a,b,b,b,b,b,b,b,b,b,a,a,a,a,a,a,a,a,a,a,a,a,a,a,a,a,a,a,a,a,b,b,b,b,b,a,a,b,b,b,b,b,b,b,a,a,a,a,a,a,b,b,b,b,b
BD-428,0,0,1,0,u,b,a,a,a,a,a,a,a,a,a,a,a,a,a,b,b,b,b,b,b,b,b,b,b,b,a,a,a,a,a,a,a,a,a,a,b,a,b,b,b,b,b,b,b,b,b,a,b,b,b,b,b,b,a,a,b,b,b,b,b,b,b,a,b,b,b,b,b,b,b,b,b,a,a,a,a,a,a,b,b,b,a,a,a,b,b,b,b,b,a,a,b,b,b,b,b,b,b,b,b,b,b,b,b,a,a,a,a,b
BD-430,0,0,1,u,0,b,a,a,a,a,a,a,a,a,a,b,b,b,a,b,b,b,b,b,b,b,b,b,b,b,b,b,b,b,b,b,b,b,b,b,b,a,a,a,a,a,a,a,a,b,b,b,b,b,b,b,b,b,b,b,b,b,b,b,b,b,b,a,b,b,b,a,a,a,a,b,b,a,a,a,a,b,b,a,b,b,b,b,b,a,b,b,b,b,b,a,a,a,a,a,a,b,b,b,b,b,b,b,a,a,b,b,b,b
BD-517,1,u,u,0,1,a,a,b,b,b,b,b,b,b,b,b,b,b,a,a,a,a,a,a,a,a,a,a,a,b,a,b,b,b,b,b,b,b,b,b,a,a,a,a,a,a,a,a,a,a,b,b,b,b,b,b,b,b,b,b,a,b,b,b,b,b,b,b,b,a,a,a,a,a,a,a,b,a,a,b,b,b,a,a,b,b,b,b,b,a,b,b,b,b,a,b,b,b,a,a,a,a,a,b,b,b,b,b,a,a,a,a,a,b
BD-534i,0,0,0,0,0,a,b,b,b,b,b,b,b,b,b,b,b,b,b,b,a,a,a,a,a,a,a,a,a,b,a,b,b,b,b,b,b,b,b,a,a,a,b,b,b,b,b,b,b,b,a,a,b,b,b,b,b,b,b,b,b,b,b,b,b,b,b,b,a,b,b,b,b,b,b,b,b,a,a,a,a,a,a,a,a,a,a,a,b,b,a,a,a,a,a,b,b,b,b,b,b,b,b,a,b,b,b,b,b,a,a,a,a,a
BD-541i,0,0,0,0,0,b,b,b,b,b,a,a,a,a,a,a,a,a,b,b,b,b,b,b,b,b,b,b,b,b,b,b,b,b,b,b,b,b,b,b,b,b,a,a,a,a,a,a,a,a,a,a,a,b,b,b,b,b,b,b,a,b,b,b,b,b,b,b,a,b,b,b,b,b,b,b,b,b,a,a,a,a,a,b,a,a,a,a,a,b,a,a,a,a,b,a,a,a,a,b,b,b,b,a,a,a,b,b,b,b,b,b,b,b
BD-553,0,0,0,1,0,b,b,b,b,b,b,b,b,b,a,a,a,a,b,a,a,a,a,a,a,a,a,a,a,b,b,a,a,a,a,a,a,a,a,a,b,a,a,a,a,a,a,a,a,a,b,b,b,b,b,b,b,b,b,a,b,b,b,b,b,b,b,b,b,b,b,b,b,b,b,b,b,b,b,b,b,b,a,a,b,a,a,a,b,b,b,b,b,b,a,a,a,a,a,a,a,b,b,a,a,a,a,a,b,b,b,b,b,a
BD-562,0,0,0,0,1,a,b,b,b,b,b,b,b,b,a,a,a,a,b,a,a,a,a,a,a,a,a,a,a,a,a,b,b,b,b,b,b,b,b,b,b,a,a,a,a,a,a,a,a,b,b,b,b,b,b,b,b,b,b,b,b,b,b,b,b,b,a,a,a,a,a,a,a,a,a,a,b,b,b,b,b,b,b,b,a,a,a,a,b,a,a,a,a,a,b,a,a,a,a,a,a,a,a,a,a,b,b,b,b,b,b,b,b,b
BD-568,0,0,1,0,0,b,b,b,b,b,b,b,b,b,b,b,b,b,a,b,b,b,b,b,b,b,b,b,b,b,a,a,a,a,a,a,a,a,a,a,a,b,a,a,a,a,a,a,a,a,b,b,b,b,b,b,b,b,b,b,b,b,b,b,b,b,b,a,a,a,a,a,b,b,b,b,b,b,b,b,b,a,a,a,a,a,a,a,a,a,b,b,b,b,b,b,b,b,b,b,b,b,a,b,b,b,b,b,b,a,a,b,b,b
BD-573i,0,0,0,0,0,a,b,b,b,b,b,b,b,b,b,b,b,b,b,a,a,a,a,a,a,a,a,a,a,b,a,a,a,a,a,a,a,a,a,a,b,b,b,b,a,a,a,a,a,a,a,a,a,a,a,a,a,a,a,b,a,a,a,a,a,a,a,b,a,b,b,b,b,b,b,b,b,a,a,a,a,a,a,a,a,b,b,b,b,b,b,b,b,b,a,b,b,b,b,b,b,b,a,b,b,a,a,a,b,b,b,b,b,b
BD-583i,0,0,0,0,0,a,a,b,b,b,b,b,b,b,b,b,b,b,b,b,b,b,b,b,b,b,b,b,b,b,a,b,b,b,b,b,b,b,b,b,b,b,b,b,a,a,a,a,a,a,a,a,b,b,b,b,b,b,b,b,b,b,b,b,b,b,b,b,a,a,a,b,b,b,b,b,b,b,b,b,b,b,b,b,a,a,a,a,a,a,a,a,a,a,b,a,a,a,a,a,a,b,b,a,a,a,a,a,a,a,a,a,b,b
BD-590,1,u,u,0,1,a,b,b,b,b,b,b,b,b,b,b,b,b,a,a,a,a,a,a,a,a,a,a,a,a,b,b,b,b,b,b,b,b,b,b,b,b,b,b,b,b,b,b,b,b,a,a,a,a,a,a,a,a,a,a,b,a,a,a,a,a,a,b,b,b,b,b,b,b,a,a,a,a,b,b,b,b,b,b,a,b,b,b,a,a,a,a,a,a,a,a,a,a,a,a,a,a,b,b,a,a,a,a,a,a,a,a,a,b
